{"accuracy": [0.5026800036430359, 0.6314200162887573, 0.6680999994277954, 0.6872400045394897, 0.6963199973106384, 0.7086600065231323, 0.7130200266838074, 0.7142000198364258, 0.7207000255584717, 0.7271999716758728, 0.7295200228691101, 0.73471999168396, 0.7336999773979187, 0.7364599704742432, 0.7388399839401245, 0.7400199770927429, 0.743340015411377, 0.7421200275421143, 0.7464399933815002, 0.7447400093078613, 0.7450000047683716, 0.7466999888420105, 0.7448999881744385, 0.745639979839325, 0.7506399750709534, 0.7481200098991394, 0.7475399971008301, 0.7512999773025513, 0.7505599856376648, 0.7504199743270874, 0.7535200119018555, 0.7534599900245667, 0.7533000111579895, 0.7534199953079224, 0.7541400194168091, 0.7547799944877625, 0.7526400089263916, 0.7559000253677368, 0.7544599771499634, 0.7534400224685669, 0.7544999718666077, 0.7539399862289429, 0.757860004901886, 0.7542999982833862, 0.7572600245475769, 0.7572199702262878, 0.7569400072097778, 0.759119987487793, 0.7560799717903137, 0.7577400207519531, 0.7591599822044373, 0.7611200213432312, 0.7570800185203552, 0.7609599828720093, 0.760200023651123, 0.7599599957466125, 0.7562599778175354, 0.760640025138855, 0.7573000192642212, 0.7597200274467468, 0.7587599754333496, 0.759119987487793, 0.7597600221633911, 0.7624199986457825, 0.7588800191879272, 0.7606199979782104, 0.7596799731254578, 0.7623800039291382, 0.7610200047492981, 0.7617400288581848, 0.7605800032615662, 0.7625600099563599, 0.7615799903869629, 0.7610800266265869, 0.7648800015449524, 0.7625600099563599, 0.7590000033378601, 0.761680006980896, 0.7616000175476074, 0.7628800272941589, 0.7605199813842773, 0.7616199851036072, 0.7599800229072571, 0.7623400092124939, 0.7613400220870972, 0.7647799849510193, 0.762660026550293, 0.7643200159072876, 0.7637199759483337, 0.7642599940299988, 0.7621399760246277, 0.7629600167274475, 0.7652599811553955, 0.7633799910545349, 0.7631000280380249, 0.764240026473999, 0.7599999904632568, 0.7644000053405762, 0.762499988079071, 0.7647799849510193], "loss": [2.0459063053131104, 1.4840216636657715, 1.3746178150177002, 1.3318830728530884, 1.3152662515640259, 1.290786623954773, 1.2814879417419434, 1.281514286994934, 1.265387773513794, 1.2601983547210693, 1.2502331733703613, 1.243722677230835, 1.2455626726150513, 1.2405402660369873, 1.2348966598510742, 1.2325817346572876, 1.228603720664978, 1.2295385599136353, 1.223661184310913, 1.2282999753952026, 1.2302523851394653, 1.2214293479919434, 1.2241404056549072, 1.2231056690216064, 1.2111656665802002, 1.2220698595046997, 1.2206387519836426, 1.2168251276016235, 1.2196663618087769, 1.2158548831939697, 1.2108919620513916, 1.2111902236938477, 1.2138999700546265, 1.2093305587768555, 1.207454800605774, 1.2069858312606812, 1.2104319334030151, 1.2029279470443726, 1.2058618068695068, 1.2067129611968994, 1.2079288959503174, 1.2071141004562378, 1.2000327110290527, 1.2106215953826904, 1.2061214447021484, 1.2048096656799316, 1.202782154083252, 1.1976091861724854, 1.2092527151107788, 1.2027851343154907, 1.198683500289917, 1.1982100009918213, 1.204442024230957, 1.201331615447998, 1.198464274406433, 1.1984292268753052, 1.2039717435836792, 1.1978908777236938, 1.1971251964569092, 1.1953083276748657, 1.1997689008712769, 1.1950699090957642, 1.202817440032959, 1.191446304321289, 1.19954252243042, 1.1930325031280518, 1.200478196144104, 1.1936782598495483, 1.1947011947631836, 1.201298475265503, 1.1944316625595093, 1.1978212594985962, 1.1971992254257202, 1.202764630317688, 1.1894711256027222, 1.193788766860962, 1.2014825344085693, 1.1969819068908691, 1.191776156425476, 1.1854994297027588, 1.1933279037475586, 1.1926062107086182, 1.1974351406097412, 1.1997227668762207, 1.1884417533874512, 1.1896281242370605, 1.1925309896469116, 1.1892659664154053, 1.1947715282440186, 1.1871877908706665, 1.1993446350097656, 1.1960532665252686, 1.1945651769638062, 1.1961722373962402, 1.1914390325546265, 1.1915034055709839, 1.1975666284561157, 1.1910477876663208, 1.1929446458816528, 1.1945898532867432], "val_accuracy": [0.5479000210762024, 0.660099983215332, 0.6991000175476074, 0.703499972820282, 0.7077000141143799, 0.713699996471405, 0.7310000061988831, 0.7168999910354614, 0.7483999729156494, 0.7452999949455261, 0.7278000116348267, 0.7354000210762024, 0.7447999715805054, 0.7486000061035156, 0.75, 0.758400022983551, 0.7567999958992004, 0.7476999759674072, 0.7437999844551086, 0.7484999895095825, 0.7559000253677368, 0.7628999948501587, 0.7523000240325928, 0.7390999794006348, 0.7541000247001648, 0.7603999972343445, 0.7687000036239624, 0.7627999782562256, 0.7642999887466431, 0.7477999925613403, 0.7512999773025513, 0.7702000141143799, 0.7473999857902527, 0.7663999795913696, 0.7628999948501587, 0.7591999769210815, 0.7680000066757202, 0.7651000022888184, 0.7581999897956848, 0.7360000014305115, 0.7605000138282776, 0.7522000074386597, 0.7477999925613403, 0.755299985408783, 0.7592999935150146, 0.7735000252723694, 0.7520999908447266, 0.760200023651123, 0.7538999915122986, 0.7599999904632568, 0.769599974155426, 0.7601000070571899, 0.7577999830245972, 0.7594000101089478, 0.7451000213623047, 0.7445999979972839, 0.7556999921798706, 0.7591000199317932, 0.7562000155448914, 0.7645999789237976, 0.7563999891281128, 0.7742000222206116, 0.7562999725341797, 0.761900007724762, 0.7703999876976013, 0.7703999876976013, 0.7597000002861023, 0.7508999705314636, 0.753000020980835, 0.7703999876976013, 0.7591999769210815, 0.7335000038146973, 0.7623999714851379, 0.7696999907493591, 0.7681000232696533, 0.7505999803543091, 0.7558000087738037, 0.7677000164985657, 0.7667999863624573, 0.7544999718666077, 0.7490000128746033, 0.7537999749183655, 0.7652999758720398, 0.7534999847412109, 0.7581999897956848, 0.767300009727478, 0.7540000081062317, 0.7627999782562256, 0.7660999894142151, 0.7609999775886536, 0.7541999816894531, 0.757099986076355, 0.7408999800682068, 0.7633000016212463, 0.7633000016212463, 0.7623999714851379, 0.7732999920845032, 0.7638999819755554, 0.7562999725341797, 0.7696999907493591], "val_loss": [1.7262529134750366, 1.3791922330856323, 1.2904136180877686, 1.2858150005340576, 1.2804981470108032, 1.2713260650634766, 1.2389204502105713, 1.2627816200256348, 1.2075146436691284, 1.2191802263259888, 1.2587614059448242, 1.2303543090820312, 1.2157368659973145, 1.2137452363967896, 1.2059987783432007, 1.183556079864502, 1.2013299465179443, 1.2109795808792114, 1.227311134338379, 1.2208929061889648, 1.1945427656173706, 1.1892895698547363, 1.217257022857666, 1.2471693754196167, 1.2160414457321167, 1.203695297241211, 1.1752476692199707, 1.1921075582504272, 1.1804301738739014, 1.2257428169250488, 1.2328431606292725, 1.1857150793075562, 1.2360588312149048, 1.1758193969726562, 1.2012439966201782, 1.200943112373352, 1.1912925243377686, 1.1848487854003906, 1.1943767070770264, 1.2756218910217285, 1.1912370920181274, 1.220889687538147, 1.2296608686447144, 1.2236871719360352, 1.2002284526824951, 1.1733460426330566, 1.2268396615982056, 1.1961733102798462, 1.2088804244995117, 1.1926498413085938, 1.1844241619110107, 1.1876319646835327, 1.234542965888977, 1.1986613273620605, 1.2278004884719849, 1.2363635301589966, 1.2164255380630493, 1.1941659450531006, 1.2090712785720825, 1.1882110834121704, 1.1990509033203125, 1.1713480949401855, 1.2239494323730469, 1.1966372728347778, 1.1785463094711304, 1.1798880100250244, 1.2026904821395874, 1.23088800907135, 1.2209587097167969, 1.1852163076400757, 1.186979055404663, 1.2699640989303589, 1.207916259765625, 1.187146544456482, 1.1800220012664795, 1.2212791442871094, 1.2213175296783447, 1.1847440004348755, 1.1880781650543213, 1.2075718641281128, 1.2261652946472168, 1.210578203201294, 1.1848981380462646, 1.2117847204208374, 1.205216884613037, 1.1818068027496338, 1.2160950899124146, 1.195639729499817, 1.1938755512237549, 1.1928520202636719, 1.2000311613082886, 1.213924765586853, 1.2470118999481201, 1.1927334070205688, 1.207258701324463, 1.1972249746322632, 1.1742647886276245, 1.1965723037719727, 1.1916083097457886, 1.1786973476409912]}