{"accuracy": [0.2751399874687195, 0.3915199935436249, 0.44582000374794006, 0.48201999068260193, 0.503600001335144, 0.5311999917030334, 0.5472599864006042, 0.567080020904541, 0.5803400278091431, 0.5953400135040283, 0.6058599948883057, 0.6147599816322327, 0.6292600035667419, 0.6355400085449219, 0.6438000202178955, 0.6527199745178223, 0.6599799990653992, 0.6655799746513367, 0.6755599975585938, 0.6779599785804749, 0.685699999332428, 0.6894999742507935, 0.6980400085449219, 0.7001399993896484, 0.7034800052642822, 0.7103800177574158, 0.7127599716186523, 0.716480016708374, 0.7214599847793579, 0.7257400155067444, 0.7281200289726257, 0.7316799759864807, 0.7344800233840942, 0.7392200231552124, 0.7429599761962891, 0.7458599805831909, 0.748960018157959, 0.7487000226974487, 0.7528799772262573, 0.7591400146484375, 0.7591599822044373, 0.7630800008773804, 0.7640200257301331, 0.7666199803352356, 0.7697799801826477, 0.7714200019836426, 0.7727800011634827, 0.7768200039863586, 0.7766600251197815, 0.7785199880599976, 0.782800018787384, 0.783840000629425, 0.7860000133514404, 0.7881199717521667, 0.7899600267410278, 0.7907599806785583, 0.7915599942207336, 0.7957000136375427, 0.7948799729347229, 0.799560010433197, 0.8007599711418152, 0.8023800253868103, 0.8012400269508362, 0.8009399771690369, 0.8067200183868408, 0.8072199821472168, 0.8089799880981445, 0.8122000098228455, 0.8124399781227112, 0.8131999969482422, 0.8134999871253967, 0.8177000284194946, 0.8154399991035461, 0.8184199929237366, 0.819920003414154, 0.8201799988746643, 0.8207799792289734, 0.822700023651123, 0.825659990310669, 0.8249599933624268, 0.8269400000572205, 0.82778000831604, 0.8281000256538391, 0.8310400247573853, 0.828220009803772, 0.8302800059318542, 0.8317000269889832, 0.8333200216293335, 0.8324999809265137, 0.8349000215530396, 0.8358799815177917, 0.8349199891090393, 0.8393599987030029, 0.8388800024986267, 0.8376799821853638, 0.8392199873924255, 0.8417400121688843, 0.8393599987030029, 0.8415200114250183, 0.843940019607544], "loss": [3.5885848999023438, 3.223257303237915, 3.028447389602661, 2.884524345397949, 2.7586700916290283, 2.6408190727233887, 2.543379068374634, 2.4529147148132324, 2.3740320205688477, 2.2986316680908203, 2.228904962539673, 2.1691884994506836, 2.1036386489868164, 2.04986310005188, 1.9938995838165283, 1.9400378465652466, 1.8925701379776, 1.8506139516830444, 1.8076263666152954, 1.7682141065597534, 1.7319567203521729, 1.6940690279006958, 1.6584994792938232, 1.6294989585876465, 1.5978418588638306, 1.5676699876785278, 1.5375057458877563, 1.5095468759536743, 1.4853272438049316, 1.460970163345337, 1.4383223056793213, 1.4127473831176758, 1.394903302192688, 1.3713151216506958, 1.3525162935256958, 1.3312536478042603, 1.310936689376831, 1.2963546514511108, 1.278422474861145, 1.2514086961746216, 1.245918869972229, 1.2257227897644043, 1.213955044746399, 1.1968883275985718, 1.1767563819885254, 1.1684460639953613, 1.1529141664505005, 1.1426873207092285, 1.1300268173217773, 1.1192103624343872, 1.1028039455413818, 1.0930211544036865, 1.0848530530929565, 1.0733833312988281, 1.064063310623169, 1.0546513795852661, 1.0453850030899048, 1.0297688245773315, 1.024627685546875, 1.013742208480835, 1.0047492980957031, 0.9958147406578064, 0.9901187419891357, 0.9829068779945374, 0.9730137586593628, 0.9651177525520325, 0.9624525904655457, 0.949103593826294, 0.943382978439331, 0.9351766109466553, 0.9309348464012146, 0.9185675978660583, 0.9183484315872192, 0.910927414894104, 0.902641773223877, 0.8991445899009705, 0.8933488130569458, 0.8882542848587036, 0.8796137571334839, 0.8744421601295471, 0.8666424751281738, 0.8646566271781921, 0.8629292249679565, 0.8540536761283875, 0.8550643920898438, 0.8463104963302612, 0.8426585793495178, 0.8377786874771118, 0.8309091925621033, 0.8286429643630981, 0.8261376023292542, 0.821029543876648, 0.816951334476471, 0.8125631809234619, 0.8088449835777283, 0.8048845529556274, 0.7985342741012573, 0.7967410087585449, 0.7948393225669861, 0.790107786655426], "val_accuracy": [0.3905999958515167, 0.4189000129699707, 0.41679999232292175, 0.48080000281333923, 0.515500009059906, 0.546999990940094, 0.5554999709129333, 0.5698999762535095, 0.5978000164031982, 0.613099992275238, 0.6223000288009644, 0.63919997215271, 0.6459000110626221, 0.6498000025749207, 0.6589999794960022, 0.6565999984741211, 0.6751000285148621, 0.6718999743461609, 0.6887999773025513, 0.6988000273704529, 0.7044000029563904, 0.7045000195503235, 0.7163000106811523, 0.7156999707221985, 0.7283999919891357, 0.7175999879837036, 0.7329999804496765, 0.7369999885559082, 0.7250000238418579, 0.7386999726295471, 0.7487000226974487, 0.7389000058174133, 0.741100013256073, 0.7504000067710876, 0.7526000142097473, 0.7383999824523926, 0.7461000084877014, 0.7545999884605408, 0.7547000050544739, 0.7605000138282776, 0.7646999955177307, 0.7630000114440918, 0.7537000179290771, 0.7685999870300293, 0.7671999931335449, 0.7717000246047974, 0.7735999822616577, 0.7634000182151794, 0.7785999774932861, 0.7730000019073486, 0.7748000025749207, 0.7742999792098999, 0.7724999785423279, 0.7760000228881836, 0.7807999849319458, 0.7760999798774719, 0.7786999940872192, 0.7720000147819519, 0.7803000211715698, 0.7795000076293945, 0.7810999751091003, 0.7797999978065491, 0.7835999727249146, 0.7870000004768372, 0.7892000079154968, 0.7867000102996826, 0.788100004196167, 0.7817000150680542, 0.7857000231742859, 0.7870000004768372, 0.7883999943733215, 0.7910000085830688, 0.7796000242233276, 0.7883999943733215, 0.7799999713897705, 0.7907999753952026, 0.7912999987602234, 0.7839000225067139, 0.7889999747276306, 0.7890999913215637, 0.7849000096321106, 0.7893000245094299, 0.7861999869346619, 0.7953000068664551, 0.7932999730110168, 0.7903000116348267, 0.7901999950408936, 0.7768999934196472, 0.7897999882698059, 0.7875000238418579, 0.7968000173568726, 0.7967000007629395, 0.7928000092506409, 0.7900000214576721, 0.7943000197410583, 0.7946000099182129, 0.7914000153541565, 0.7888000011444092, 0.7878999710083008, 0.7968000173568726], "val_loss": [3.2763822078704834, 3.142504930496216, 3.0648863315582275, 2.8195106983184814, 2.6868534088134766, 2.5698227882385254, 2.490206718444824, 2.405277967453003, 2.2878756523132324, 2.209315776824951, 2.1575210094451904, 2.093628406524658, 2.0305683612823486, 1.988406777381897, 1.937399983406067, 1.9079647064208984, 1.8346785306930542, 1.8104267120361328, 1.7474043369293213, 1.6976054906845093, 1.6738826036453247, 1.6412864923477173, 1.604215383529663, 1.5754749774932861, 1.534485101699829, 1.5335253477096558, 1.4869835376739502, 1.4579617977142334, 1.4697409868240356, 1.4279742240905762, 1.3889087438583374, 1.3927357196807861, 1.3784339427947998, 1.3406914472579956, 1.3220471143722534, 1.3462039232254028, 1.3209041357040405, 1.2822749614715576, 1.2828017473220825, 1.257312297821045, 1.2279351949691772, 1.2214000225067139, 1.246559500694275, 1.2057126760482788, 1.1903401613235474, 1.1724426746368408, 1.161490559577942, 1.1783028841018677, 1.1385823488235474, 1.1447359323501587, 1.132398009300232, 1.132399559020996, 1.1265934705734253, 1.108503818511963, 1.0985920429229736, 1.1021124124526978, 1.0944898128509521, 1.1088484525680542, 1.0822837352752686, 1.083793044090271, 1.0679515600204468, 1.0657330751419067, 1.0571608543395996, 1.0494225025177002, 1.0369632244110107, 1.0465511083602905, 1.033815860748291, 1.0400551557540894, 1.029172420501709, 1.0321229696273804, 1.012153148651123, 1.0114721059799194, 1.0350265502929688, 1.0108033418655396, 1.0274606943130493, 0.9937769770622253, 0.9938094615936279, 1.0167454481124878, 1.002581000328064, 1.0025880336761475, 1.0041364431381226, 0.9910616278648376, 0.9978032112121582, 0.9711993932723999, 0.978897750377655, 0.9864503741264343, 0.978554368019104, 1.0082480907440186, 0.9785287976264954, 0.9862834811210632, 0.9629219770431519, 0.9596190452575684, 0.9616722464561462, 0.973685622215271, 0.9623892307281494, 0.9510369896888733, 0.9708593487739563, 0.95856112241745, 0.9668429493904114, 0.9452100396156311]}