{"accuracy": [0.3051399886608124, 0.427700012922287, 0.47839999198913574, 0.5137799978256226, 0.5440000295639038, 0.5725799798965454, 0.5889400243759155, 0.606220006942749, 0.6231799721717834, 0.6336399912834167, 0.6482800245285034, 0.6576399803161621, 0.6688200235366821, 0.6783999800682068, 0.6862800121307373, 0.6914399862289429, 0.6988800168037415, 0.70660001039505, 0.7123399972915649, 0.7193599939346313, 0.7258599996566772, 0.730400025844574, 0.7345600128173828, 0.7411400079727173, 0.7461400032043457, 0.7493199706077576, 0.7541800141334534, 0.759440004825592, 0.7629200220108032, 0.7680799961090088, 0.7696599960327148, 0.7730000019073486, 0.7772200107574463, 0.7802799940109253, 0.7849000096321106, 0.7885400056838989, 0.7907800078392029, 0.7952399849891663, 0.7962599992752075, 0.8013399839401245, 0.8028799891471863, 0.8061400055885315, 0.8098400235176086, 0.8126000165939331, 0.8151000142097473, 0.8176000118255615, 0.8203999996185303, 0.8235999941825867, 0.8268200159072876, 0.828000009059906, 0.8315799832344055, 0.8317199945449829, 0.8345400094985962, 0.8383600115776062, 0.8395000100135803, 0.8403199911117554, 0.8435800075531006, 0.8444600105285645, 0.8493599891662598, 0.8494399785995483, 0.8527600169181824, 0.8517600297927856, 0.8568599820137024, 0.8586999773979187, 0.8591399788856506, 0.8587999939918518, 0.8629999756813049, 0.8636400103569031, 0.8640000224113464, 0.8671600222587585, 0.8684200048446655, 0.8711000084877014, 0.8713600039482117, 0.8728600144386292, 0.8734999895095825, 0.8768200278282166, 0.8785600066184998, 0.8789200186729431, 0.8808599710464478, 0.8819599747657776, 0.8839200139045715, 0.888480007648468, 0.885919988155365, 0.8848199844360352, 0.8848599791526794, 0.8906000256538391, 0.8892199993133545, 0.8918200135231018, 0.8906999826431274, 0.8952599763870239, 0.89301997423172, 0.8938000202178955, 0.89410001039505, 0.8956999778747559, 0.8975200057029724, 0.8959000110626221, 0.8985400199890137, 0.9009799957275391, 0.8985999822616577, 0.9012799859046936], "loss": [2.8990581035614014, 2.5501370429992676, 2.408268928527832, 2.2957355976104736, 2.189970016479492, 2.1075899600982666, 2.035097360610962, 1.9686741828918457, 1.9069490432739258, 1.854095458984375, 1.7979052066802979, 1.7570470571517944, 1.715128779411316, 1.6703861951828003, 1.6305015087127686, 1.5948542356491089, 1.5579131841659546, 1.5291961431503296, 1.4942898750305176, 1.465919017791748, 1.4315128326416016, 1.4061126708984375, 1.3786396980285645, 1.3496448993682861, 1.3229660987854004, 1.3002880811691284, 1.2720927000045776, 1.25546395778656, 1.2319092750549316, 1.2088133096694946, 1.1901774406433105, 1.1691466569900513, 1.1474826335906982, 1.1323704719543457, 1.1083590984344482, 1.0925697088241577, 1.074578881263733, 1.0538103580474854, 1.0407582521438599, 1.022220253944397, 1.0120515823364258, 0.9923713803291321, 0.9790547490119934, 0.9618476033210754, 0.9507395029067993, 0.9345614314079285, 0.9203434586524963, 0.907068133354187, 0.8917330503463745, 0.88120436668396, 0.8698481917381287, 0.8614104390144348, 0.8495075702667236, 0.8333759307861328, 0.823209822177887, 0.8178660273551941, 0.803712010383606, 0.795075535774231, 0.7768692970275879, 0.770713210105896, 0.7677951455116272, 0.7574748992919922, 0.7468824982643127, 0.7360368967056274, 0.7274555563926697, 0.7246319651603699, 0.7131432294845581, 0.7077299952507019, 0.6991996765136719, 0.6901466250419617, 0.6847757697105408, 0.675972044467926, 0.6689853668212891, 0.6631249189376831, 0.6577919721603394, 0.6478680372238159, 0.6423856616020203, 0.639363169670105, 0.6312804818153381, 0.6248126029968262, 0.6174666285514832, 0.6078348755836487, 0.6073658466339111, 0.6075884699821472, 0.6028414964675903, 0.5924394726753235, 0.5892187356948853, 0.5819891691207886, 0.5833005905151367, 0.5755041837692261, 0.5735025405883789, 0.5722004175186157, 0.5672282576560974, 0.5618876218795776, 0.5549779534339905, 0.5576785802841187, 0.5519448518753052, 0.5434574484825134, 0.5456291437149048, 0.5407554507255554], "val_accuracy": [0.4359999895095825, 0.48750001192092896, 0.517799973487854, 0.5285000205039978, 0.586899995803833, 0.597100019454956, 0.6316999793052673, 0.6352999806404114, 0.6269999742507935, 0.6642000079154968, 0.6624000072479248, 0.6725000143051147, 0.6948000192642212, 0.699400007724762, 0.7096999883651733, 0.7091000080108643, 0.7267000079154968, 0.7152000069618225, 0.7157999873161316, 0.7368000149726868, 0.7246999740600586, 0.7401999831199646, 0.7366999983787537, 0.7545999884605408, 0.746399998664856, 0.7533000111579895, 0.7487999796867371, 0.755299985408783, 0.7609000205993652, 0.7566999793052673, 0.7674999833106995, 0.7664999961853027, 0.7663000226020813, 0.7687000036239624, 0.770799994468689, 0.7626000046730042, 0.7770000100135803, 0.7799000144004822, 0.7750999927520752, 0.7785999774932861, 0.7791000008583069, 0.78329998254776, 0.7800999879837036, 0.7723000049591064, 0.7840999960899353, 0.7861999869346619, 0.7875999808311462, 0.7856000065803528, 0.7889000177383423, 0.7883999943733215, 0.7829999923706055, 0.7851999998092651, 0.7896000146865845, 0.7900999784469604, 0.7922999858856201, 0.7914999723434448, 0.7907999753952026, 0.7904000282287598, 0.7910000085830688, 0.7971000075340271, 0.7882000207901001, 0.7918000221252441, 0.7919999957084656, 0.7960000038146973, 0.7918000221252441, 0.791100025177002, 0.7925000190734863, 0.7860000133514404, 0.7865999937057495, 0.7943999767303467, 0.7918000221252441, 0.7973999977111816, 0.7922000288963318, 0.7980999946594238, 0.7906000018119812, 0.7921000123023987, 0.7946000099182129, 0.7943999767303467, 0.7997999787330627, 0.798799991607666, 0.8009999990463257, 0.7955999970436096, 0.7875000238418579, 0.7918999791145325, 0.798799991607666, 0.7949000000953674, 0.7940999865531921, 0.7962999939918518, 0.7950000166893005, 0.7897999882698059, 0.7932999730110168, 0.7982000112533569, 0.7979999780654907, 0.7922000288963318, 0.7980999946594238, 0.7915999889373779, 0.7910000085830688, 0.795799970626831, 0.7942000031471252, 0.7936000227928162], "val_loss": [2.560361623764038, 2.404263973236084, 2.2831530570983887, 2.2230160236358643, 2.056853771209717, 2.015305757522583, 1.9140961170196533, 1.8775107860565186, 1.8769549131393433, 1.7633771896362305, 1.740596055984497, 1.7104079723358154, 1.6367040872573853, 1.6017823219299316, 1.565690517425537, 1.5387251377105713, 1.4905712604522705, 1.503427505493164, 1.482527494430542, 1.4144519567489624, 1.4195747375488281, 1.3771435022354126, 1.3710881471633911, 1.3274976015090942, 1.3256869316101074, 1.2964028120040894, 1.293825626373291, 1.269762635231018, 1.24818754196167, 1.2525933980941772, 1.2123327255249023, 1.2083073854446411, 1.195128321647644, 1.1769331693649292, 1.1799311637878418, 1.1832634210586548, 1.141128420829773, 1.1272242069244385, 1.1367374658584595, 1.1164348125457764, 1.109894037246704, 1.084162712097168, 1.083603858947754, 1.099249005317688, 1.0675172805786133, 1.065644383430481, 1.0481425523757935, 1.0421819686889648, 1.039158582687378, 1.0306380987167358, 1.037528395652771, 1.0303229093551636, 1.0218886137008667, 1.0169034004211426, 1.0071039199829102, 1.0069085359573364, 1.0013470649719238, 1.0046948194503784, 0.9941297769546509, 0.9795810580253601, 0.9979179501533508, 0.9774229526519775, 0.9857990145683289, 0.9711718559265137, 0.9845353364944458, 0.9893211126327515, 0.9762201309204102, 0.9902576208114624, 0.981285035610199, 0.9590622186660767, 0.9660211205482483, 0.9465038776397705, 0.9668023586273193, 0.9439380764961243, 0.9810465574264526, 0.959718644618988, 0.944258987903595, 0.9510156512260437, 0.9433404207229614, 0.934585452079773, 0.9430389404296875, 0.9420426487922668, 0.9838573932647705, 0.9541073441505432, 0.9380800724029541, 0.9433749914169312, 0.9474585652351379, 0.9442576169967651, 0.9437549114227295, 0.9603707790374756, 0.9516534209251404, 0.9424605369567871, 0.9369300007820129, 0.959786593914032, 0.9431118965148926, 0.9514791965484619, 0.9639835953712463, 0.9530390501022339, 0.9455835223197937, 0.9519327282905579]}