{"accuracy": [0.4993799924850464, 0.6322000026702881, 0.6614800095558167, 0.6855999827384949, 0.6953799724578857, 0.7045800089836121, 0.7087399959564209, 0.7167199850082397, 0.7184200286865234, 0.7262399792671204, 0.7257599830627441, 0.7314599752426147, 0.7330999970436096, 0.7331600189208984, 0.7367200255393982, 0.7383800148963928, 0.739359974861145, 0.7401800155639648, 0.7408000230789185, 0.7429400086402893, 0.7430599927902222, 0.7439600229263306, 0.7479199767112732, 0.7492600083351135, 0.747439980506897, 0.7506999969482422, 0.7511799931526184, 0.7492600083351135, 0.7522199749946594, 0.7518399953842163, 0.749180018901825, 0.7519000172615051, 0.7524799704551697, 0.7541599869728088, 0.7519999742507935, 0.7523800134658813, 0.7534800171852112, 0.7514200210571289, 0.7523199915885925, 0.754859983921051, 0.7530199885368347, 0.7559000253677368, 0.7551400065422058, 0.756380021572113, 0.7544199824333191, 0.7541800141334534, 0.7552199959754944, 0.7573000192642212, 0.7559800148010254, 0.7561399936676025, 0.7583600282669067, 0.7585800290107727, 0.7566800117492676, 0.7576199769973755, 0.7596399784088135, 0.7562400102615356, 0.7567200064659119, 0.7589600086212158, 0.7570400238037109, 0.7593399882316589, 0.7572199702262878, 0.7598000168800354, 0.7595199942588806, 0.7599800229072571, 0.7610800266265869, 0.7566999793052673, 0.758400022983551, 0.7625600099563599, 0.7593200206756592, 0.7597399950027466, 0.7613000273704529, 0.7594000101089478, 0.7585200071334839, 0.7634400129318237, 0.7599599957466125, 0.7631199955940247, 0.7591800093650818, 0.7631800174713135, 0.7595599889755249, 0.7635999917984009, 0.7612400054931641, 0.7619400024414062, 0.76146000623703, 0.7606199979782104, 0.7615399956703186, 0.7616199851036072, 0.763159990310669, 0.7629799842834473, 0.7634400129318237, 0.7635999917984009, 0.7624599933624268, 0.7630000114440918, 0.7621399760246277, 0.7628200054168701, 0.7613999843597412, 0.7610800266265869, 0.7628399729728699, 0.7624800205230713, 0.7628999948501587, 0.7604600191116333], "loss": [2.0390701293945312, 1.4746248722076416, 1.3881778717041016, 1.3392271995544434, 1.3160896301269531, 1.299550175666809, 1.2892491817474365, 1.2745712995529175, 1.2743606567382812, 1.2574950456619263, 1.2569193840026855, 1.249213695526123, 1.2526811361312866, 1.2460217475891113, 1.241578459739685, 1.236416220664978, 1.2381669282913208, 1.236464500427246, 1.2325528860092163, 1.2270903587341309, 1.2274507284164429, 1.2233225107192993, 1.217288851737976, 1.2132505178451538, 1.225670337677002, 1.2111284732818604, 1.2089601755142212, 1.2227494716644287, 1.2115604877471924, 1.2037385702133179, 1.2179325819015503, 1.2135132551193237, 1.208361268043518, 1.2044481039047241, 1.2123091220855713, 1.2096716165542603, 1.2074570655822754, 1.2094131708145142, 1.210168719291687, 1.2042139768600464, 1.209780216217041, 1.2078834772109985, 1.2061165571212769, 1.2068837881088257, 1.2059719562530518, 1.2046486139297485, 1.2038813829421997, 1.2033146619796753, 1.2020690441131592, 1.2029533386230469, 1.199588418006897, 1.202964186668396, 1.2071706056594849, 1.2024338245391846, 1.1995527744293213, 1.198449730873108, 1.2035764455795288, 1.204731822013855, 1.2083123922348022, 1.194319248199463, 1.2009483575820923, 1.2046195268630981, 1.1995619535446167, 1.1969223022460938, 1.198222041130066, 1.199761986732483, 1.1995205879211426, 1.195582628250122, 1.1919225454330444, 1.205607295036316, 1.1972687244415283, 1.1976161003112793, 1.19776451587677, 1.191522479057312, 1.2020142078399658, 1.1965062618255615, 1.2024550437927246, 1.1950945854187012, 1.1969538927078247, 1.1920398473739624, 1.2040098905563354, 1.1929523944854736, 1.1960514783859253, 1.2012128829956055, 1.199819564819336, 1.193428635597229, 1.1947298049926758, 1.192785382270813, 1.1954739093780518, 1.1914862394332886, 1.1901055574417114, 1.1976102590560913, 1.194940447807312, 1.1940550804138184, 1.1923271417617798, 1.1974802017211914, 1.1923695802688599, 1.1922293901443481, 1.194750189781189, 1.192992091178894], "val_accuracy": [0.6201000213623047, 0.6675999760627747, 0.6886000037193298, 0.6970000267028809, 0.7260000109672546, 0.7084000110626221, 0.7182000279426575, 0.7268999814987183, 0.7293999791145325, 0.7192999720573425, 0.7454000115394592, 0.7337999939918518, 0.7116000056266785, 0.7432000041007996, 0.748199999332428, 0.7402999997138977, 0.7527999877929688, 0.7584999799728394, 0.7404999732971191, 0.7491000294685364, 0.7562000155448914, 0.7437999844551086, 0.7250999808311462, 0.7631000280380249, 0.7670000195503235, 0.7476000189781189, 0.7361000180244446, 0.7639999985694885, 0.7595000267028809, 0.7556999921798706, 0.7542999982833862, 0.7592999935150146, 0.7623999714851379, 0.7608000040054321, 0.7480999827384949, 0.7603999972343445, 0.7634999752044678, 0.7648000121116638, 0.7505999803543091, 0.767799973487854, 0.7567999958992004, 0.7621999979019165, 0.7394000291824341, 0.746999979019165, 0.7645999789237976, 0.7562000155448914, 0.7688999772071838, 0.734499990940094, 0.7664999961853027, 0.7598999738693237, 0.7669000029563904, 0.7684999704360962, 0.7552000284194946, 0.7645000219345093, 0.7627000212669373, 0.7519999742507935, 0.763700008392334, 0.7542999982833862, 0.7706999778747559, 0.7461000084877014, 0.7594000101089478, 0.7616000175476074, 0.762499988079071, 0.7678999900817871, 0.7766000032424927, 0.7494999766349792, 0.7578999996185303, 0.7523000240325928, 0.7621999979019165, 0.7487999796867371, 0.7702000141143799, 0.7626000046730042, 0.7652999758720398, 0.7584999799728394, 0.7642999887466431, 0.7608000040054321, 0.7692999839782715, 0.7511000037193298, 0.7613999843597412, 0.7688000202178955, 0.7689999938011169, 0.7621999979019165, 0.7577000260353088, 0.7444999814033508, 0.7639999985694885, 0.7684000134468079, 0.7476999759674072, 0.7513999938964844, 0.7516999840736389, 0.763700008392334, 0.7450000047683716, 0.7595999836921692, 0.7728999853134155, 0.7681999802589417, 0.7710000276565552, 0.7728999853134155, 0.7703999876976013, 0.7639999985694885, 0.7705000042915344, 0.766700029373169], "val_loss": [1.534312129020691, 1.3567874431610107, 1.3283989429473877, 1.2879818677902222, 1.2435157299041748, 1.3004261255264282, 1.2647695541381836, 1.2492543458938599, 1.2475453615188599, 1.2577539682388306, 1.2063252925872803, 1.24147629737854, 1.3081032037734985, 1.2208055257797241, 1.2115875482559204, 1.2282652854919434, 1.2011590003967285, 1.1919362545013428, 1.226680040359497, 1.2099039554595947, 1.1962083578109741, 1.2203149795532227, 1.2792984247207642, 1.1817196607589722, 1.1756972074508667, 1.226505160331726, 1.2589389085769653, 1.1967175006866455, 1.1992197036743164, 1.1967992782592773, 1.2091624736785889, 1.1814658641815186, 1.195818305015564, 1.1783747673034668, 1.2124512195587158, 1.196157455444336, 1.187154769897461, 1.1749204397201538, 1.2094478607177734, 1.1932053565979004, 1.1939822435379028, 1.191931128501892, 1.2490479946136475, 1.240077018737793, 1.195296049118042, 1.2067668437957764, 1.1656389236450195, 1.2425626516342163, 1.183899164199829, 1.1914324760437012, 1.1812217235565186, 1.1957958936691284, 1.22691011428833, 1.1926484107971191, 1.1908482313156128, 1.2153217792510986, 1.1938278675079346, 1.2292287349700928, 1.17270827293396, 1.2394466400146484, 1.198622226715088, 1.2060619592666626, 1.1894543170928955, 1.1833996772766113, 1.1661081314086914, 1.2277593612670898, 1.2177952527999878, 1.2168463468551636, 1.180140733718872, 1.237928032875061, 1.170608639717102, 1.1996926069259644, 1.1757347583770752, 1.2170028686523438, 1.1928718090057373, 1.2172006368637085, 1.1985993385314941, 1.223028302192688, 1.2053797245025635, 1.196977972984314, 1.1805819272994995, 1.206850528717041, 1.2141066789627075, 1.2400568723678589, 1.2047158479690552, 1.1801360845565796, 1.2303276062011719, 1.2216103076934814, 1.2197024822235107, 1.1886348724365234, 1.2285264730453491, 1.2121329307556152, 1.178159236907959, 1.185215711593628, 1.192042589187622, 1.1778408288955688, 1.172770380973816, 1.208107352256775, 1.1855316162109375, 1.188906192779541]}